{"cameraMode":{"drawMode":0,"name":"Shaded","section":"Shading Mode"},"sceneLighting":false,"audioPlay":false,"sceneViewState":{"m_AlwaysRefresh":false,"showFog":true,"showSkybox":false,"showFlares":true,"showImageEffects":true,"showParticleSystems":true,"showVisualEffectGraphs":true,"m_FxEnabled":true},"in2DMode":false,"pivot":{"x":5.043583869934082,"y":-3.1124773025512697,"z":-3.2226240634918215},"rotation":{"x":-0.008372282609343529,"y":-0.9540964961051941,"z":0.2985978424549103,"w":-0.026462461799383165},"size":0.09069264680147171,"orthographic":false}