{"cameraMode":{"drawMode":0,"name":"Shaded","section":"Shading Mode"},"sceneLighting":false,"audioPlay":false,"sceneViewState":{"m_AlwaysRefresh":false,"showFog":false,"showSkybox":false,"showFlares":false,"showImageEffects":false,"showParticleSystems":false,"showVisualEffectGraphs":true,"m_FxEnabled":true},"in2DMode":false,"pivot":{"x":-0.049795735627412799,"y":0.912635862827301,"z":1.2946677207946778},"rotation":{"x":0.0013629355235025287,"y":-0.9990245699882507,"z":0.01345910131931305,"w":0.04692535102367401},"size":0.3022720217704773,"orthographic":false}