{"cameraMode":{"drawMode":0,"name":"Shaded","section":"Shading Mode"},"sceneLighting":false,"audioPlay":false,"sceneViewState":{"m_AlwaysRefresh":false,"showFog":true,"showSkybox":false,"showFlares":true,"showImageEffects":true,"showParticleSystems":true,"showVisualEffectGraphs":true,"m_FxEnabled":true},"in2DMode":false,"pivot":{"x":21.34779930114746,"y":-20.005786895751954,"z":-19.153343200683595},"rotation":{"x":0.00316519639454782,"y":0.9718628525733948,"z":-0.23629452288150788,"w":0.014252669177949429},"size":0.09845511615276337,"orthographic":false}