{"cameraMode":{"drawMode":0,"name":"Shaded","section":"Shading Mode"},"sceneLighting":false,"audioPlay":false,"sceneViewState":{"m_AlwaysRefresh":false,"showFog":true,"showSkybox":false,"showFlares":true,"showImageEffects":true,"showParticleSystems":true,"showVisualEffectGraphs":true,"m_FxEnabled":true},"in2DMode":false,"pivot":{"x":3.1449642181396486,"y":1.6958255767822266,"z":3.7459676265716554},"rotation":{"x":0.058288782835006717,"y":-0.9182271957397461,"z":0.14754566550254823,"w":0.36300522089004519},"size":0.4494326412677765,"orthographic":false}