{"cameraMode":{"drawMode":0,"name":"Shaded","section":"Shading Mode"},"sceneLighting":false,"audioPlay":false,"sceneViewState":{"m_AlwaysRefresh":false,"showFog":false,"showSkybox":false,"showFlares":false,"showImageEffects":false,"showParticleSystems":false,"showVisualEffectGraphs":true,"m_FxEnabled":true},"in2DMode":false,"pivot":{"x":-0.017510781064629556,"y":3.3480441570281984,"z":3.676907539367676},"rotation":{"x":-0.00011020943929906934,"y":-0.955066442489624,"z":0.2970120310783386,"w":-0.0007415964500978589},"size":1.196489691734314,"orthographic":false}