{"cameraMode":{"drawMode":0,"name":"Shaded","section":"Shading Mode"},"sceneLighting":false,"audioPlay":false,"sceneViewState":{"m_AlwaysRefresh":false,"showFog":true,"showSkybox":false,"showFlares":true,"showImageEffects":true,"showParticleSystems":true,"showVisualEffectGraphs":true,"m_FxEnabled":true},"in2DMode":false,"pivot":{"x":17.058727264404298,"y":66.26893615722656,"z":53.69282913208008},"rotation":{"x":-0.008372282609343529,"y":-0.9540964961051941,"z":0.2985978424549103,"w":-0.026462461799383165},"size":0.13430824875831605,"orthographic":false}